{
  "title": "Pandoc Document Converter Input",
  "type": "object",
  "schemaVersion": 1,
  "properties": {
    "content": {
      "title": "Content to Convert",
      "type": "string",
      "description": "The document content to convert",
      "editor": "textarea"
    },
    "fromFormat": {
      "title": "Source Format",
      "type": "string",
      "description": "Input format (e.g., markdown, html, pdf)",
      "default": "markdown",
      "enum": [
        "markdown",
        "html",
        "pdf",
        "epub",
        "docx",
        "latex",
        "rst",
        "asciidoc",
        "mediawiki",
        "org",
        "commonmark",
        "gfm"
      ],
      "enumTitles": [
        "Markdown",
        "HTML",
        "PDF",
        "EPUB",
        "Word Document (DOCX)",
        "LaTeX",
        "reStructuredText",
        "AsciiDoc",
        "MediaWiki",
        "Org Mode",
        "CommonMark",
        "GitHub Flavored Markdown"
      ]
    },
    "toFormat": {
      "title": "Target Format",
      "type": "string",
      "description": "Output format (e.g., html, markdown, pdf)",
      "default": "html",
      "enum": [
        "markdown",
        "html",
        "pdf",
        "epub",
        "docx",
        "latex",
        "rst",
        "asciidoc",
        "mediawiki",
        "org",
        "commonmark",
        "gfm"
      ],
      "enumTitles": [
        "Markdown",
        "HTML",
        "PDF",
        "EPUB",
        "Word Document (DOCX)",
        "LaTeX",
        "reStructuredText",
        "AsciiDoc",
        "MediaWiki",
        "Org Mode",
        "CommonMark",
        "GitHub Flavored Markdown"
      ]
    },
    "standalone": {
      "title": "Standalone Document",
      "type": "boolean",
      "description": "Generate a standalone document with headers (for HTML/LaTeX/PDF)",
      "default": false
    },
    "template": {
      "title": "Template (Optional)",
      "type": "string",
      "description": "Custom pandoc template to use",
      "editor": "textfield"
    }
  },
  "required": ["content", "fromFormat", "toFormat"]
}
